benchmark,case,gap_m,phase_rad,l,m,omega_rad_s,B_amplitude_T,Fx_N,Fy_N,Fz_N,taux_Nm,tauy_Nm,tauz_Nm,joule_power_W,stress_radius_over_a,n_mu,n_phi,static_diffusion_ratio,tau_lag_Nm,diffusion_tau_lag_ratio,volume_Fx_N,volume_Fy_N,volume_Fz_N,relative_error,spectral_weight,note
stress_convergence,,nan,nan,nan,nan,0,nan,6.976840979944221e-15,2.3224918353510066e-14,0.06621227310244036,-9.051783841864088e-17,3.1613228355221014e-17,-4.393999186441703e-17,nan,1.05,12,24,nan,nan,nan,nan,nan,nan,5.384818981387231e-12,nan,static source-free l=1+l=2; exact Fz=mu0 alpha H0 G
stress_convergence,,nan,nan,nan,nan,0,nan,-6.5014589848907955e-15,2.6901156541074556e-15,0.06621227310223048,5.163541808123412e-17,-4.436564231633106e-17,1.9118209457785068e-16,nan,1.2,12,24,nan,nan,nan,nan,nan,nan,2.2049905405407323e-12,nan,static source-free l=1+l=2; exact Fz=mu0 alpha H0 G
stress_convergence,,nan,nan,nan,nan,0,nan,-3.5272247633517245e-14,2.0649228380247193e-14,0.06621227310164529,5.503748776017526e-18,4.007778741581085e-17,-3.5945686131716326e-18,nan,1.5,12,24,nan,nan,nan,nan,nan,nan,6.664231077610273e-12,nan,static source-free l=1+l=2; exact Fz=mu0 alpha H0 G
stress_convergence,,nan,nan,nan,nan,0,nan,1.8693017647024648e-14,9.654428169728838e-15,0.06621227310041577,-4.29120020089711e-16,3.2318182113485246e-16,-2.1508382152759013e-16,nan,2.0,12,24,nan,nan,nan,nan,nan,nan,2.5206897525907263e-11,nan,static source-free l=1+l=2; exact Fz=mu0 alpha H0 G
stress_convergence,,nan,nan,nan,nan,0,nan,4.325661736356151e-15,-1.2399156273110515e-14,0.06621227310236469,-1.2748739707547145e-16,2.4736750191614587e-17,-7.229098849929423e-18,nan,1.05,18,36,nan,nan,nan,nan,nan,nan,4.234073250926412e-12,nan,static source-free l=1+l=2; exact Fz=mu0 alpha H0 G
stress_convergence,,nan,nan,nan,nan,0,nan,-7.26156602296607e-15,-1.718519947454069e-14,0.06621227310232161,1.0958586386971716e-16,5.920240407952812e-17,-3.0406864928420387e-19,nan,1.2,18,36,nan,nan,nan,nan,nan,nan,3.58991621720578e-12,nan,static source-free l=1+l=2; exact Fz=mu0 alpha H0 G
stress_convergence,,nan,nan,nan,nan,0,nan,-1.1019603876312803e-14,1.0713162814347484e-14,0.0662122731020529,9.075847187627746e-17,-2.185158391969903e-17,-1.2171435446423157e-16,nan,1.5,18,36,nan,nan,nan,nan,nan,nan,5.327757901156515e-13,nan,static source-free l=1+l=2; exact Fz=mu0 alpha H0 G
stress_convergence,,nan,nan,nan,nan,0,nan,-3.252010206261646e-14,-1.6850502875762627e-14,0.066212273101797,4.365587047915289e-16,2.1008058218241954e-16,9.36458539541347e-17,nan,2.0,18,36,nan,nan,nan,nan,nan,nan,4.379360204825445e-12,nan,static source-free l=1+l=2; exact Fz=mu0 alpha H0 G
stress_convergence,,nan,nan,nan,nan,0,nan,-8.29072799453899e-15,1.26472522233613e-15,0.0662122731022613,5.501792990177206e-17,-1.1209031836477472e-17,6.504139728398224e-17,nan,1.05,24,48,nan,nan,nan,nan,nan,nan,2.670944861786448e-12,nan,static source-free l=1+l=2; exact Fz=mu0 alpha H0 G
stress_convergence,,nan,nan,nan,nan,0,nan,1.041361702408929e-14,-3.1422264777262532e-15,0.06621227310215191,-7.629552540729056e-18,-3.194050893032373e-18,-7.962649015059866e-17,nan,1.2,24,48,nan,nan,nan,nan,nan,nan,1.0291058544780296e-12,nan,static source-free l=1+l=2; exact Fz=mu0 alpha H0 G
stress_convergence,,nan,nan,nan,nan,0,nan,1.6382402822956747e-14,1.827975651892726e-14,0.06621227310203226,-1.661518773451543e-16,1.82867464995058e-18,-4.194252304829532e-17,nan,1.5,24,48,nan,nan,nan,nan,nan,nan,8.737678306833395e-13,nan,static source-free l=1+l=2; exact Fz=mu0 alpha H0 G
stress_convergence,,nan,nan,nan,nan,0,nan,9.096530342536267e-16,-7.032250725449825e-15,0.06621227310190356,-1.8256211995733048e-16,-3.6545555801003234e-16,-2.4155899325872327e-16,nan,2.0,24,48,nan,nan,nan,nan,nan,nan,2.737106227169321e-12,nan,static source-free l=1+l=2; exact Fz=mu0 alpha H0 G
stress_convergence,,nan,nan,nan,nan,0,nan,5.131104942383792e-15,5.749886227275581e-16,0.06621227310245108,4.537143459098659e-18,3.2940623282158334e-17,4.362928927326407e-18,nan,1.05,32,64,nan,nan,nan,nan,nan,nan,5.534706284013755e-12,nan,static source-free l=1+l=2; exact Fz=mu0 alpha H0 G
stress_convergence,,nan,nan,nan,nan,0,nan,3.58120956121203e-15,2.707801119710974e-15,0.066212273102196,2.409610563789467e-17,-6.228576470029246e-18,1.4861997950415834e-17,nan,1.2,32,64,nan,nan,nan,nan,nan,nan,1.683159874272437e-12,nan,static source-free l=1+l=2; exact Fz=mu0 alpha H0 G
stress_convergence,,nan,nan,nan,nan,0,nan,-7.335002508943598e-16,1.489730544901505e-14,0.06621227310187336,-2.226733844065071e-17,-4.138885627899821e-17,-1.0256414236818616e-17,nan,1.5,32,64,nan,nan,nan,nan,nan,nan,3.199031056892227e-12,nan,static source-free l=1+l=2; exact Fz=mu0 alpha H0 G
stress_convergence,,nan,nan,nan,nan,0,nan,5.142447772338711e-15,-7.488160227139262e-16,0.06621227310174159,-6.329218813184994e-16,1.7078712080598657e-17,1.545625009945454e-16,nan,2.0,32,64,nan,nan,nan,nan,nan,nan,5.1817926817295095e-12,nan,static source-free l=1+l=2; exact Fz=mu0 alpha H0 G
rotating_uniform,,nan,nan,1,nan,20.42,0.01,1.867265137508263e-14,1.7920409276150627e-14,6.4385146960309076e-15,2.5609090774946387e-18,1.1977223718007506e-18,3.4507161001115703e-07,7.046362276178304e-06,1.2,24,48,nan,1.7010484237035234e-05,0.02028581933297627,nan,nan,nan,3.541167004415165e-11,nan,circular phasor B=(x-i y)B0; P_J=Omega*tau_z
rotating_uniform,,nan,nan,1,nan,26.7,0.01,1.5595972277281854e-14,1.5522363989199822e-14,6.1805711407353445e-15,-3.143799793604399e-18,3.081985704414608e-18,4.510594015167187e-07,1.2043286021258334e-05,1.2,24,48,nan,2.213779685831575e-05,0.020375080882351754,nan,nan,nan,6.326723497850206e-11,nan,circular phasor B=(x-i y)B0; P_J=Omega*tau_z
rotating_uniform,,nan,nan,1,nan,34.56,0.01,1.5852960326473355e-14,1.714657735956685e-14,7.442476590390065e-15,-5.326359370205298e-18,-1.231176295808174e-18,5.83556946165303e-07,2.016772805890914e-05,1.2,24,48,nan,2.843814794141151e-05,0.020520216272565985,nan,nan,nan,2.7952262567336565e-11,nan,circular phasor B=(x-i y)B0; P_J=Omega*tau_z
rotating_uniform,,nan,nan,1,nan,53.41,0.01,1.4626725498870322e-14,1.5256904885925562e-14,7.008362887559816e-15,4.25966799736443e-18,-2.1103468900707788e-18,9.003278354471367e-07,4.808650969105708e-05,1.2,24,48,nan,4.2833967574460516e-05,0.021019015665050943,nan,nan,nan,3.628567361610916e-12,nan,circular phasor B=(x-i y)B0; P_J=Omega*tau_z
rotating_uniform,,nan,nan,1,nan,72.26,0.01,1.577134557857141e-14,1.4917058300358412e-14,6.073241901922858e-15,-4.1263908476122965e-18,1.3404950638465044e-18,1.2151688055842832e-06,8.78080978918851e-05,1.2,24,48,nan,5.592424403805003e-05,0.021728837403015202,nan,nan,nan,4.15441570127148e-12,nan,circular phasor B=(x-i y)B0; P_J=Omega*tau_z
rotating_uniform,,nan,nan,1,nan,103.67,0.01,1.817491427472703e-14,1.830095331660023e-14,6.49836646760037e-15,-4.016389248440652e-18,-2.920165110813289e-18,1.733769790088209e-06,0.00017973991413698548,1.2,24,48,nan,7.418041508679112e-05,0.02337233875067459,nan,nan,nan,8.11811049360023e-12,nan,circular phasor B=(x-i y)B0; P_J=Omega*tau_z
rotating_uniform,,nan,nan,1,nan,117.81,0.01,1.8018223343880353e-14,1.5524621629789275e-14,5.680917840094821e-15,-4.191387113543276e-18,-3.3589840897305465e-18,1.9641520067565626e-06,0.00023139674791209972,1.2,24,48,nan,8.084177780446684e-05,0.024296249539121444,nan,nan,nan,1.681493339100551e-11,nan,circular phasor B=(x-i y)B0; P_J=Omega*tau_z
rotating_uniform,,nan,nan,1,nan,20.42,0.02,7.469060550033052e-14,7.168163710460251e-14,2.575405878412363e-14,1.0243636309978555e-17,4.790889487203002e-18,1.3802864400446281e-06,2.8185449104713215e-05,1.2,24,48,nan,6.804193694814093e-05,0.02028581933297627,nan,nan,nan,3.541167004415165e-11,nan,circular phasor B=(x-i y)B0; P_J=Omega*tau_z
rotating_uniform,,nan,nan,1,nan,26.7,0.02,6.238388910912742e-14,6.208945595679929e-14,2.4722284562941378e-14,-1.2575199174417596e-17,1.2327942817658431e-17,1.8042376060668748e-06,4.8173144085033334e-05,1.2,24,48,nan,8.8551187433263e-05,0.020375080882351754,nan,nan,nan,6.326723497850206e-11,nan,circular phasor B=(x-i y)B0; P_J=Omega*tau_z
rotating_uniform,,nan,nan,1,nan,34.56,0.02,6.341184130589342e-14,6.85863094382674e-14,2.976990636156026e-14,-2.1305437480821192e-17,-4.924705183232696e-18,2.334227784661212e-06,8.067091223563656e-05,1.2,24,48,nan,0.00011375259176564604,0.020520216272565985,nan,nan,nan,2.7952262567336565e-11,nan,circular phasor B=(x-i y)B0; P_J=Omega*tau_z
rotating_uniform,,nan,nan,1,nan,53.41,0.02,5.850690199548129e-14,6.102761954370225e-14,2.8033451550239265e-14,1.703867198945772e-17,-8.441387560283115e-18,3.6013113417885467e-06,0.00019234603876422832,1.2,24,48,nan,0.00017133587029784206,0.021019015665050943,nan,nan,nan,3.628567361610916e-12,nan,circular phasor B=(x-i y)B0; P_J=Omega*tau_z
rotating_uniform,,nan,nan,1,nan,72.26,0.02,6.308538231428564e-14,5.966823320143365e-14,2.429296760769143e-14,-1.6505563390449186e-17,5.3619802553860176e-18,4.860675222337133e-06,0.0003512323915675404,1.2,24,48,nan,0.00022369697615220012,0.021728837403015202,nan,nan,nan,4.15441570127148e-12,nan,circular phasor B=(x-i y)B0; P_J=Omega*tau_z
rotating_uniform,,nan,nan,1,nan,103.67,0.02,7.269965709890813e-14,7.320381326640092e-14,2.599346587040148e-14,-1.606555699376261e-17,-1.1680660443253157e-17,6.935079160352836e-06,0.0007189596565479419,1.2,24,48,nan,0.0002967216603471645,0.02337233875067459,nan,nan,nan,8.11811049360023e-12,nan,circular phasor B=(x-i y)B0; P_J=Omega*tau_z
rotating_uniform,,nan,nan,1,nan,117.81,0.02,7.207289337552141e-14,6.20984865191571e-14,2.2723671360379283e-14,-1.6765548454173105e-17,-1.3435936358922186e-17,7.85660802702625e-06,0.0009255869916483989,1.2,24,48,nan,0.00032336711121786735,0.024296249539121444,nan,nan,nan,1.681493339100551e-11,nan,circular phasor B=(x-i y)B0; P_J=Omega*tau_z
rotating_uniform,,nan,nan,1,nan,20.42,0.03,1.3925741985200196e-13,1.401572842029402e-13,6.018140629934776e-14,-4.699737306306471e-17,-3.8419926596328234e-17,3.1056444897555816e-06,6.341726048560472e-05,1.2,24,48,nan,0.00015309435813331708,0.02028581933297627,nan,nan,nan,7.562202691784227e-11,nan,circular phasor B=(x-i y)B0; P_J=Omega*tau_z
rotating_uniform,,nan,nan,1,nan,26.7,0.03,1.5879987432578522e-13,1.3213814366453203e-13,5.782363588055679e-14,-1.3425534355924178e-17,-3.751557809763498e-17,4.059534613730443e-06,0.000108389574191325,1.2,24,48,nan,0.0001992401717248417,0.020375080882351758,nan,nan,nan,4.3566688354079494e-11,nan,circular phasor B=(x-i y)B0; P_J=Omega*tau_z
rotating_uniform,,nan,nan,1,nan,34.56,0.03,1.4311633170607015e-13,1.128911652523932e-13,5.3113265332084894e-14,-4.2784966702082745e-17,-3.2406999763218485e-17,5.25201251508898e-06,0.0001815095525301822,1.2,24,48,nan,0.0002559433314727036,0.020520216272565978,nan,nan,nan,4.797014192740754e-11,nan,circular phasor B=(x-i y)B0; P_J=Omega*tau_z
rotating_uniform,,nan,nan,1,nan,53.41,0.03,1.6280308713626413e-13,1.1143378905658854e-13,6.223751779243537e-14,-6.154710222312768e-17,-5.632185936909247e-17,8.102950519010875e-06,0.0004327785872195136,1.2,24,48,nan,0.00038550570817014456,0.021019015665050943,nan,nan,nan,1.9807081688270557e-12,nan,circular phasor B=(x-i y)B0; P_J=Omega*tau_z
rotating_uniform,,nan,nan,1,nan,72.26,0.03,1.7184419314844623e-13,1.0025468956452203e-13,6.443917665091559e-14,-3.032922334241153e-17,-4.1923794187931404e-17,1.0936519250503484e-05,0.0007902728810269656,1.2,24,48,nan,0.0005033181963424501,0.021728837403015205,nan,nan,nan,1.8241943306336217e-11,nan,circular phasor B=(x-i y)B0; P_J=Omega*tau_z
rotating_uniform,,nan,nan,1,nan,103.67,0.03,1.4753995407332568e-13,1.3334397706832573e-13,4.960117196530292e-14,-8.63287833146525e-17,-8.42420153888883e-18,1.560392811065333e-05,0.001617659227232869,1.2,24,48,nan,0.00066762373578112,0.02337233875067459,nan,nan,nan,8.891607022042469e-13,nan,circular phasor B=(x-i y)B0; P_J=Omega*tau_z
rotating_uniform,,nan,nan,1,nan,117.81,0.03,1.8260107747419037e-13,1.0143072689033016e-13,6.690745098800535e-14,-3.807389916171413e-17,-2.954839839667507e-17,1.7677368060538306e-05,0.002082570731208897,1.2,24,48,nan,0.0007275760002402014,0.02429624953912144,nan,nan,nan,1.4986282102426552e-12,nan,circular phasor B=(x-i y)B0; P_J=Omega*tau_z
isolated_real_mode,,nan,nan,1,0,53.41,0.02,-1.6823467701668638e-15,-6.31276979627481e-16,3.3625954397233787e-15,-6.845770117341162e-18,-3.2507156471997024e-18,3.4798263527834865e-18,nan,1.2,28,56,nan,nan,nan,nan,nan,nan,nan,nan,isolated standing spatial harmonic: neither force nor torque
travelling_mode,,nan,nan,1,1,53.41,0.02,5.734198330059484e-15,8.045014873700285e-17,-5.633734716800967e-16,-2.2451455486421825e-18,3.9924031238645856e-18,-4.2987487625898644e-07,nan,1.2,28,56,nan,nan,nan,nan,nan,nan,nan,nan,"single complex Y_l,l angular travelling wave"
isolated_real_mode,,nan,nan,2,0,53.41,0.02,4.493741131057782e-16,1.324184063262295e-15,-4.228134362809291e-17,-2.0994752682046914e-18,-3.3217730079833305e-18,-3.423385135147768e-18,nan,1.2,28,56,nan,nan,nan,nan,nan,nan,nan,nan,isolated standing spatial harmonic: neither force nor torque
travelling_mode,,nan,nan,2,2,53.41,0.02,2.942169029038379e-15,3.2070281605979928e-15,6.124877357951002e-16,6.460420063293105e-19,-2.503985124787948e-19,-1.4384411299698426e-07,nan,1.2,28,56,nan,nan,nan,nan,nan,nan,nan,nan,"single complex Y_l,l angular travelling wave"
isolated_real_mode,,nan,nan,3,0,53.41,0.02,1.4436722615092704e-15,3.5263879477393965e-16,-2.6786146407496367e-15,2.252518081255126e-18,-1.2027456974891173e-18,-2.4075849997857054e-18,nan,1.2,28,56,nan,nan,nan,nan,nan,nan,nan,nan,isolated standing spatial harmonic: neither force nor torque
travelling_mode,,nan,nan,3,3,53.41,0.02,2.2480040948004784e-15,7.856655194078015e-15,3.6049221101986074e-16,-1.7774606631053e-18,-2.197013998064472e-19,-7.337398825419971e-08,nan,1.2,28,56,nan,nan,nan,nan,nan,nan,nan,nan,"single complex Y_l,l angular travelling wave"
isolated_real_mode,,nan,nan,4,0,53.41,0.02,6.856690944562975e-16,3.1588463891170157e-16,6.50695792278437e-16,2.729111913974668e-19,-9.079811916002501e-19,4.06156741323264e-18,nan,1.2,28,56,nan,nan,nan,nan,nan,nan,nan,nan,isolated standing spatial harmonic: neither force nor torque
travelling_mode,,nan,nan,4,4,53.41,0.02,4.0606109326291465e-15,4.0390583874460085e-15,1.028810563669714e-15,-2.268019656787686e-18,1.4009188219181496e-18,-4.473960083756313e-08,nan,1.2,28,56,nan,nan,nan,nan,nan,nan,nan,nan,"single complex Y_l,l angular travelling wave"
isolated_real_mode,,nan,nan,5,0,53.41,0.02,7.652324344391108e-16,1.0886575260833927e-15,-1.4644860844847951e-15,8.768882737056002e-19,-4.560463128132601e-18,-3.897961045825854e-18,nan,1.2,28,56,nan,nan,nan,nan,nan,nan,nan,nan,isolated standing spatial harmonic: neither force nor torque
travelling_mode,,nan,nan,5,5,53.41,0.02,1.860723489608126e-15,4.634440969223069e-16,2.763119638315609e-16,-8.94015820834735e-19,1.146007389684377e-18,-3.01929824378851e-08,nan,1.2,28,56,nan,nan,nan,nan,nan,nan,nan,nan,"single complex Y_l,l angular travelling wave"
isolated_real_mode,,nan,nan,6,0,53.41,0.02,6.0186455462746345e-18,1.3433319180143583e-16,-2.0922908113636847e-15,1.653664428837556e-18,-6.166186857003574e-18,6.0974533424445204e-18,nan,1.2,28,56,nan,nan,nan,nan,nan,nan,nan,nan,isolated standing spatial harmonic: neither force nor torque
travelling_mode,,nan,nan,6,6,53.41,0.02,3.843028213636766e-15,9.221258265998519e-15,3.5482503141092106e-16,-5.704900597254713e-19,6.453716657662386e-20,-2.1769787286253293e-08,nan,1.2,28,56,nan,nan,nan,nan,nan,nan,nan,nan,"single complex Y_l,l angular travelling wave"
adjacent_mode_coupling,,nan,nan,1,0,53.41,0.02,-1.4545052835090609e-15,8.857298592078499e-16,0.021533809548943298,-7.174257659625313e-18,2.3634972479676817e-18,-4.11979336496179e-19,nan,1.2,28,56,nan,nan,nan,nan,nan,nan,nan,nan,real l=1+2: force from quadratic cross term
adjacent_mode_coupling,,nan,nan,2,0,53.41,0.02,1.3608922609696997e-15,1.3476164224198074e-15,0.016530192603595697,-1.0063195606138855e-17,2.254679067987201e-17,-7.337938606663413e-18,nan,1.2,28,56,nan,nan,nan,nan,nan,nan,nan,nan,real l=2+3: force from quadratic cross term
adjacent_mode_coupling,,nan,nan,3,0,53.41,0.02,9.081688207718003e-16,-9.187053283004926e-16,0.014809771236614878,6.692196805252681e-18,1.184175474642726e-17,-1.603747157781148e-18,nan,1.2,28,56,nan,nan,nan,nan,nan,nan,nan,nan,real l=3+4: force from quadratic cross term
adjacent_mode_coupling,,nan,nan,4,0,53.41,0.02,-1.600678394491446e-16,-4.208669810379183e-16,0.013935344624920654,-6.525170499100276e-18,5.618316392783418e-18,-1.7301902263090025e-17,nan,1.2,28,56,nan,nan,nan,nan,nan,nan,nan,nan,real l=4+5: force from quadratic cross term
adjacent_mode_coupling,,nan,nan,5,0,53.41,0.02,-3.79449796304482e-16,-3.1015816017522556e-16,0.013405220819237356,7.507769482409827e-18,2.433466100457501e-19,9.39172210254293e-18,nan,1.2,28,56,nan,nan,nan,nan,nan,nan,nan,nan,real l=5+6: force from quadratic cross term
carousel_static_bridge,gap_3mm,0.003,0.0,nan,nan,0,0.05323683351972458,-0.010045366496914801,-5.1809783481972433e-14,-2.2146756512526755,1.0837831405715682e-15,1.0043421956915803e-14,1.0907933241479954e-15,nan,1.05,28,56,nan,nan,nan,-0.009775480498077922,-4.949776101958927e-11,-2.1158487617605997,0.04670759321247246,nan,l<=6 modal Maxwell stress vs static volume_demag
carousel_single_frequency,gap_3mm,0.003,0.0,nan,nan,20.42,0.05323683351972458,-0.005022549118852974,-1.452116496014291e-13,-1.107317666549696,-3.43897050488613e-16,5.975286556707591e-15,-1.1306923824986023e-16,nan,1.05,28,56,0.9999817948327855,nan,nan,nan,nan,nan,nan,nan,one-frequency scale estimate; denominator is zero-frequency phasor
carousel_lmax_convergence,gap_3mm,0.003,0.0,1,nan,20.42,0.05323683351972458,-2.192294062215369e-14,4.599694068385923e-14,3.843482335782328e-13,-4.2533066827368286e-16,-5.729925763524636e-17,1.8173598915652823e-16,nan,1.05,28,56,1.0659707487228194,nan,nan,nan,nan,nan,nan,nan,cumulative spatial harmonics l=1..listed l
carousel_lmax_convergence,gap_3mm,0.003,0.0,2,nan,20.42,0.05323683351972458,-0.0047274390397978264,-2.0913726501481737e-14,-0.6439922703113377,-5.106786703602713e-16,-9.884044964652192e-16,1.2225663458576475e-16,nan,1.05,28,56,0.9999721525045372,nan,nan,nan,nan,nan,nan,nan,cumulative spatial harmonics l=1..listed l
carousel_lmax_convergence,gap_3mm,0.003,0.0,3,nan,20.42,0.05323683351972458,-0.005193623210971788,4.5411533450001324e-14,-0.9717782546007258,-3.481901625355163e-16,7.939001237527923e-15,2.5471792966485393e-16,nan,1.05,28,56,0.9999795107520763,nan,nan,nan,nan,nan,nan,nan,cumulative spatial harmonics l=1..listed l
carousel_lmax_convergence,gap_3mm,0.003,0.0,4,nan,20.42,0.05323683351972458,-0.005041666996754066,-1.19891109029504e-13,-1.079772384342494,-1.1262769352002377e-15,7.464708290271012e-15,4.0584463386492013e-16,nan,1.05,28,56,0.9999813521774559,nan,nan,nan,nan,nan,nan,nan,cumulative spatial harmonics l=1..listed l
carousel_lmax_convergence,gap_3mm,0.003,0.0,5,nan,20.42,0.05323683351972458,-0.005022024406640041,1.8313230959247264e-13,-1.1041037437928498,9.816537090483874e-16,5.326948040060763e-15,4.367638356960488e-17,nan,1.05,28,56,0.9999817431705168,nan,nan,nan,nan,nan,nan,nan,cumulative spatial harmonics l=1..listed l
carousel_lmax_convergence,gap_3mm,0.003,0.0,6,nan,20.42,0.05323683351972458,-0.005022549118852974,-1.452116496014291e-13,-1.107317666549696,-3.43897050488613e-16,5.975286556707591e-15,-1.1306923824986023e-16,nan,1.05,28,56,0.9999817948327855,nan,nan,nan,nan,nan,nan,nan,cumulative spatial harmonics l=1..listed l
carousel_spectral_component,gap_3mm,0.003,0.0,nan,nan,20.420352248344972,nan,-0.0050225491143106845,-1.6667582410327873e-13,-1.107317665854434,-6.407502504191502e-16,6.4734308119043e-15,3.1733084200650855e-17,nan,1.05,28,56,nan,nan,nan,nan,nan,nan,nan,1.0,weighted independent-frequency contribution
carousel_spectral_sum,gap_3mm,0.003,0.0,nan,nan,nan,nan,-0.0050225491143106845,-1.6667582410327873e-13,-1.107317665854434,-6.407502504191502e-16,6.4734308119043e-15,3.1733084200650855e-17,nan,1.05,28,56,0.9999817942049116,nan,nan,nan,nan,nan,nan,nan,offline separable-spectrum sum; not transient simulation
carousel_static_bridge,gap_3mm,0.003,0.1308996938995747,nan,nan,0,0.033873107855344045,-0.0404733135637414,0.4099342196582476,-0.6320082543927964,-5.478747147406736e-13,-4.744587889998433e-14,-7.908275180025205e-15,nan,1.05,28,56,nan,nan,nan,-0.04279576199629876,0.4217837787716216,-0.6075290522643343,0.036844459322120264,nan,l<=6 modal Maxwell stress vs static volume_demag
carousel_single_frequency,gap_3mm,0.003,0.1308996938995747,nan,nan,20.42,0.033873107855344045,-0.020236217583104836,0.20496330851250155,-0.3159982490086382,-2.73575139556063e-13,-2.3253191905282577e-14,-3.336973318003889e-15,nan,1.05,28,56,0.9999814058830868,nan,nan,nan,nan,nan,nan,nan,one-frequency scale estimate; denominator is zero-frequency phasor
carousel_spectral_component,gap_3mm,0.003,0.1308996938995747,nan,nan,20.420352248344972,nan,-0.0202362175680142,0.2049633083815206,-0.31599824880596716,-2.7332415893253993e-13,-2.311628086910522e-14,-3.17530343360825e-15,nan,1.05,28,56,nan,nan,nan,nan,nan,nan,nan,1.0,weighted independent-frequency contribution
carousel_spectral_sum,gap_3mm,0.003,0.1308996938995747,nan,nan,nan,nan,-0.0202362175680142,0.2049633083815206,-0.31599824880596716,-2.7332415893253993e-13,-2.311628086910522e-14,-3.17530343360825e-15,nan,1.05,28,56,0.9999814052421163,nan,nan,nan,nan,nan,nan,nan,offline separable-spectrum sum; not transient simulation
carousel_static_bridge,gap_3mm,0.003,0.2617993877991494,nan,nan,0,0.019780816398867918,-0.022099625977853657,3.840016211446011e-05,-0.06681531196481928,5.3124969365369385e-16,-6.235740866539108e-17,-4.53058544273085e-16,nan,1.05,28,56,nan,nan,nan,-0.022257851621980476,-0.0002044909710605874,-0.06816612934015857,0.019266555422625446,nan,l<=6 modal Maxwell stress vs static volume_demag
carousel_single_frequency,gap_3mm,0.003,0.2617993877991494,nan,nan,20.42,0.019780816398867918,-0.011049513919539006,1.91996632752943e-05,-0.03340674968702555,1.8431634745711601e-16,-4.9522838627957445e-17,-1.0854498247644804e-16,nan,1.05,28,56,0.9999728778217576,nan,nan,nan,nan,nan,nan,nan,one-frequency scale estimate; denominator is zero-frequency phasor
carousel_spectral_component,gap_3mm,0.003,0.2617993877991494,nan,nan,20.420352248344972,nan,-0.011049513909216071,1.9199663241055254e-05,-0.03340674965578569,5.3744949300135086e-17,-6.648240536548065e-17,-1.739426926800533e-16,nan,1.05,28,56,nan,nan,nan,nan,nan,nan,nan,1.0,weighted independent-frequency contribution
carousel_spectral_sum,gap_3mm,0.003,0.2617993877991494,nan,nan,nan,nan,-0.011049513909216071,1.9199663241055254e-05,-0.03340674965578569,5.3744949300135086e-17,-6.648240536548065e-17,-1.739426926800533e-16,nan,1.05,28,56,0.9999728768867344,nan,nan,nan,nan,nan,nan,nan,offline separable-spectrum sum; not transient simulation
carousel_static_bridge,gap_5mm,0.005,0.0,nan,nan,0,0.03550236514548771,-0.005534477070293055,-3.8337922285731573e-13,-0.812710615742182,-2.7616093013014592e-15,8.961797704803439e-15,5.185818901055893e-16,nan,1.05,28,56,nan,nan,nan,-0.005358441533169073,-1.0520053876422394e-11,-0.7558032670710947,0.07529233236341025,nan,l<=6 modal Maxwell stress vs static volume_demag
carousel_single_frequency,gap_5mm,0.005,0.0,nan,nan,26.7,0.03550236514548771,-0.0027671182617944943,-1.25604208536471e-13,-0.4063417457881685,-1.168245014169548e-15,4.234796021340637e-15,2.317335375206067e-16,nan,1.05,28,56,0.9999666245948766,nan,nan,nan,nan,nan,nan,nan,one-frequency scale estimate; denominator is zero-frequency phasor
carousel_lmax_convergence,gap_5mm,0.005,0.0,1,nan,26.7,0.03550236514548771,-1.583444069223547e-14,1.5855478978942016e-14,1.3013411691558535e-13,-3.598996164121094e-17,1.2821641451037158e-16,8.20550101607814e-17,nan,1.05,28,56,1.0026011186028991,nan,nan,nan,nan,nan,nan,nan,cumulative spatial harmonics l=1..listed l
carousel_lmax_convergence,gap_5mm,0.005,0.0,2,nan,26.7,0.03550236514548771,-0.0024497400903383177,-1.3383769287976424e-14,-0.2588402140560159,-1.0114290964227857e-16,-2.0419207179203904e-16,9.968928118621959e-17,nan,1.05,28,56,0.9999524131723374,nan,nan,nan,nan,nan,nan,nan,cumulative spatial harmonics l=1..listed l
carousel_lmax_convergence,gap_5mm,0.005,0.0,3,nan,26.7,0.03550236514548771,-0.0028262669422916193,-6.698052420272762e-14,-0.3677814419383203,-4.049499509405845e-16,5.166165533209382e-15,1.7127227552506868e-16,nan,1.05,28,56,0.9999634541070961,nan,nan,nan,nan,nan,nan,nan,cumulative spatial harmonics l=1..listed l
carousel_lmax_convergence,gap_5mm,0.005,0.0,4,nan,26.7,0.03550236514548771,-0.002777046200037435,-8.15207632039952e-14,-0.3986974462966213,-6.417225029756591e-16,5.2545964474685206e-15,2.9225867264225803e-16,nan,1.05,28,56,0.9999660124075695,nan,nan,nan,nan,nan,nan,nan,cumulative spatial harmonics l=1..listed l
carousel_lmax_convergence,gap_5mm,0.005,0.0,5,nan,26.7,0.03550236514548771,-0.0027674060929020333,-1.2934475420654486e-13,-0.4053119891224004,-1.0138721236551433e-15,3.839449032720313e-15,3.251183132717284e-16,nan,1.05,28,56,0.9999665417884362,nan,nan,nan,nan,nan,nan,nan,cumulative spatial harmonics l=1..listed l
carousel_lmax_convergence,gap_5mm,0.005,0.0,6,nan,26.7,0.03550236514548771,-0.0027671182617944943,-1.25604208536471e-13,-0.4063417457881685,-1.168245014169548e-15,4.234796021340637e-15,2.317335375206067e-16,nan,1.05,28,56,0.9999666245948766,nan,nan,nan,nan,nan,nan,nan,cumulative spatial harmonics l=1..listed l
carousel_spectral_component,gap_5mm,0.005,0.0,nan,nan,26.70353755552804,nan,-0.0025851947762669794,-1.7325005711018744e-13,-0.3796269121850695,-1.1855696306698136e-15,4.234393588813074e-15,1.49576194635885e-16,nan,1.05,28,56,nan,nan,nan,nan,nan,nan,nan,0.9342552653623881,weighted independent-frequency contribution
carousel_spectral_component,gap_5mm,0.005,0.0,nan,nan,117.80972450968254,nan,-8.87980765716731e-05,-5.131068500573239e-15,-0.013042061717364066,-3.3701365497925015e-17,1.3750820807358795e-16,4.893010451090059e-18,nan,1.05,28,56,nan,nan,nan,nan,nan,nan,nan,0.032115672702713434,weighted independent-frequency contribution
carousel_spectral_component,gap_5mm,0.005,0.0,nan,nan,171.2167996207386,nan,-9.290056303185369e-05,-7.449682234831818e-15,-0.013647375973142636,-5.138685727179239e-17,1.678751517945928e-16,6.584433893902655e-18,nan,1.05,28,56,nan,nan,nan,nan,nan,nan,nan,0.03362906193489845,weighted independent-frequency contribution
carousel_spectral_sum,gap_5mm,0.005,0.0,nan,nan,nan,nan,-0.0027668934158705063,-1.8583080784559251e-13,-0.4063163498755762,-1.270657853439531e-15,4.539776948681255e-15,1.6105363898087773e-16,nan,1.05,28,56,0.9999041269099032,nan,nan,nan,nan,nan,nan,nan,offline separable-spectrum sum; not transient simulation
carousel_static_bridge,gap_5mm,0.005,0.1308996938995747,nan,nan,0,0.02493481081679658,-0.017696068188130135,0.15541980106710346,-0.2894822463839879,-2.150553818900783e-13,-1.866876456226189e-14,-2.4562420225225763e-15,nan,1.05,28,56,nan,nan,nan,-0.017374692837911265,0.1519190624983316,-0.27863851258748945,0.03586531262608451,nan,l<=6 modal Maxwell stress vs static volume_demag
carousel_single_frequency,gap_5mm,0.005,0.1308996938995747,nan,nan,26.7,0.02493481081679658,-0.008847684340043231,0.07770725538471202,-0.1447360253071331,-1.0738159319434648e-13,-9.501251536187311e-15,-1.4010315638431121e-15,nan,1.05,28,56,0.9999650305297795,nan,nan,nan,nan,nan,nan,nan,one-frequency scale estimate; denominator is zero-frequency phasor
carousel_spectral_component,gap_5mm,0.005,0.1308996938995747,nan,nan,26.70353755552804,nan,-0.008265995594437928,0.07259841184582017,-0.1352203924700912,-1.0046339914144055e-13,-8.843660359909493e-15,-1.3291951181853995e-15,nan,1.05,28,56,nan,nan,nan,nan,nan,nan,nan,0.9342552653623881,weighted independent-frequency contribution
carousel_spectral_component,gap_5mm,0.005,0.1308996938995747,nan,nan,117.80972450968254,nan,-0.0002839463398331296,0.002494084591273525,-0.004645334718724106,-3.4478503215185657e-15,-3.0701559210250967e-16,-5.130108186942528e-17,nan,1.05,28,56,nan,nan,nan,nan,nan,nan,nan,0.032115672702713434,weighted independent-frequency contribution
carousel_spectral_component,gap_5mm,0.005,0.1308996938995747,nan,nan,171.2167996207386,nan,-0.00029708826186144023,0.0026098062984608967,-0.004860756098009773,-3.6046411262508e-15,-3.2114443375737345e-16,-4.97870708781515e-17,nan,1.05,28,56,nan,nan,nan,nan,nan,nan,nan,0.03362906193489845,weighted independent-frequency contribution
carousel_spectral_sum,gap_5mm,0.005,0.1308996938995747,nan,nan,nan,nan,-0.008847030196132496,0.07770230273555459,-0.14472648328682508,-1.075158905892099e-13,-9.471820385769377e-15,-1.4302832709329764e-15,nan,1.05,28,56,0.9998995717302196,nan,nan,nan,nan,nan,nan,nan,offline separable-spectrum sum; not transient simulation
carousel_static_bridge,gap_5mm,0.005,0.2617993877991494,nan,nan,0,0.016523377524331924,-0.013937326270488921,1.510996031903648e-05,-0.059047970174847024,3.865561782105704e-16,-1.985956986703991e-15,2.4685281961568663e-16,nan,1.05,28,56,nan,nan,nan,-0.01398973920914263,-0.0001449342164680079,-0.05970099518968984,0.010998184853396025,nan,l<=6 modal Maxwell stress vs static volume_demag
carousel_single_frequency,gap_5mm,0.005,0.2617993877991494,nan,nan,26.7,0.016523377524331924,-0.006968352352076452,7.554695683867243e-06,-0.02952265311445071,1.8669654630883175e-16,-1.0042121646166738e-15,3.7084851424125975e-17,nan,1.05,28,56,0.9999549123752974,nan,nan,nan,nan,nan,nan,nan,one-frequency scale estimate; denominator is zero-frequency phasor
carousel_spectral_component,gap_5mm,0.005,0.2617993877991494,nan,nan,26.70353755552804,nan,-0.0065102197989765605,7.058014148356948e-06,-0.02758169379025757,2.373861283555402e-16,-9.156983618191907e-16,-4.7954431788330074e-18,nan,1.05,28,56,nan,nan,nan,nan,nan,nan,nan,0.9342552653623881,weighted independent-frequency contribution
carousel_spectral_component,gap_5mm,0.005,0.2617993877991494,nan,nan,117.80972450968254,nan,-0.00022361302895280088,2.424589899841793e-07,-0.000947367209061639,9.007921242941976e-18,-3.101185479656305e-17,-4.1225702368952834e-19,nan,1.05,28,56,nan,nan,nan,nan,nan,nan,nan,0.032115672702713434,weighted independent-frequency contribution
carousel_spectral_component,gap_5mm,0.005,0.2617993877991494,nan,nan,171.2167996207386,nan,-0.00023393872788349108,2.536903061238085e-07,-0.000991103247477381,6.448301690659578e-18,-3.406538768291732e-17,4.592947715701478e-19,nan,1.05,28,56,nan,nan,nan,nan,nan,nan,nan,0.03362906193489845,weighted independent-frequency contribution
carousel_spectral_sum,gap_5mm,0.005,0.2617993877991494,nan,nan,nan,nan,-0.0069677715558128525,7.554163444464936e-06,-0.02952016424679659,2.5284235128914175e-16,-9.80775604298671e-16,-4.748405430952388e-18,nan,1.05,28,56,0.9998706629638018,nan,nan,nan,nan,nan,nan,nan,offline separable-spectrum sum; not transient simulation
carousel_static_bridge,gap_8mm,0.008,0.0,nan,nan,0,0.020655554749615102,-0.002126315032536391,7.716059142630889e-14,-0.21529936765711588,-7.990968100935247e-17,4.244824510726251e-15,1.632281079458792e-16,nan,1.05,28,56,nan,nan,nan,-0.00207054102037291,-4.3423207026361665e-12,-0.20260583344263908,0.06264870919333529,nan,l<=6 modal Maxwell stress vs static volume_demag
carousel_single_frequency,gap_8mm,0.008,0.0,nan,nan,34.56,0.020655554749615102,-0.0010630851701706138,4.1943149067792816e-14,-0.10764311295775213,-1.6997837462424262e-17,2.180019838884834e-15,9.535224067244856e-17,nan,1.05,28,56,0.9999389599285622,nan,nan,nan,nan,nan,nan,nan,one-frequency scale estimate; denominator is zero-frequency phasor
carousel_lmax_convergence,gap_8mm,0.008,0.0,1,nan,34.56,0.020655554749615102,-1.4749003545712867e-15,4.816308694487198e-15,6.437391106826375e-14,2.3089252601038767e-17,-1.2747767687609334e-17,4.736571435547757e-17,nan,1.05,28,56,1.3062151258596253,nan,nan,nan,nan,nan,nan,nan,cumulative spatial harmonics l=1..listed l
carousel_lmax_convergence,gap_8mm,0.008,0.0,2,nan,34.56,0.020655554749615102,-0.0008636924668911861,1.2392357846055148e-14,-0.07672105006916352,6.121975834932106e-17,-1.4694038603760365e-16,7.157783202218011e-17,nan,1.05,28,56,0.9999203346324665,nan,nan,nan,nan,nan,nan,nan,cumulative spatial harmonics l=1..listed l
carousel_lmax_convergence,gap_8mm,0.008,0.0,3,nan,34.56,0.020655554749615102,-0.0010702545070019665,-2.5634799006839728e-15,-0.10128458721647225,-8.547629379293931e-17,2.3307302435629966e-15,9.424767133499555e-17,nan,1.05,28,56,0.9999354655951722,nan,nan,nan,nan,nan,nan,nan,cumulative spatial harmonics l=1..listed l
carousel_lmax_convergence,gap_8mm,0.008,0.0,4,nan,34.56,0.020655554749615102,-0.001065812979368893,2.778772245488857e-14,-0.10659563409374427,4.3518784052820023e-17,2.47735082141326e-15,1.0082143310676742e-16,nan,1.05,28,56,0.9999383841129413,nan,nan,nan,nan,nan,nan,nan,cumulative spatial harmonics l=1..listed l
carousel_lmax_convergence,gap_8mm,0.008,0.0,5,nan,34.56,0.020655554749615102,-0.001063289646911442,3.5516712154999804e-14,-0.10751345477709981,9.708473655103576e-17,2.3038829675259556e-15,9.649135787623012e-17,nan,1.05,28,56,0.9999388879047294,nan,nan,nan,nan,nan,nan,nan,cumulative spatial harmonics l=1..listed l
carousel_lmax_convergence,gap_8mm,0.008,0.0,6,nan,34.56,0.020655554749615102,-0.0010630851701706138,4.1943149067792816e-14,-0.10764311295775213,-1.6997837462424262e-17,2.180019838884834e-15,9.535224067244856e-17,nan,1.05,28,56,0.9999389599285622,nan,nan,nan,nan,nan,nan,nan,cumulative spatial harmonics l=1..listed l
carousel_spectral_component,gap_8mm,0.008,0.0,nan,nan,34.55751918950688,nan,-0.0007308679319068133,2.9875756722648895e-14,-0.07400432390591082,9.078088388103002e-18,1.5051370407858786e-15,4.898346796768547e-17,nan,1.05,28,56,nan,nan,nan,nan,nan,nan,nan,0.6874970560136141,weighted independent-frequency contribution
carousel_spectral_component,gap_8mm,0.008,0.0,nan,nan,103.67255756852063,nan,-0.00017575625738763744,5.308160486626604e-15,-0.01779724940100472,-2.1859873218866104e-17,3.43101979452019e-16,1.4211848284709658e-17,nan,1.05,28,56,nan,nan,nan,nan,nan,nan,nan,0.16541513650803208,weighted independent-frequency contribution
carousel_spectral_component,gap_8mm,0.008,0.0,nan,nan,69.11503837901375,nan,-0.00015633518902980173,5.5085411645691975e-15,-0.015830111988096612,-9.009925419065419e-18,3.079168454274529e-16,9.206421365665849e-18,nan,1.05,28,56,nan,nan,nan,nan,nan,nan,nan,0.14708780747835387,weighted independent-frequency contribution
carousel_spectral_sum,gap_8mm,0.008,0.0,nan,nan,nan,nan,-0.0010629593783242524,4.06924583738447e-14,-0.10763168529501214,-2.179171024982852e-17,2.1561558656653504e-15,7.240173761806098e-17,nan,1.05,28,56,0.9998328027153708,nan,nan,nan,nan,nan,nan,nan,offline separable-spectrum sum; not transient simulation
carousel_static_bridge,gap_8mm,0.008,0.1308996938995747,nan,nan,0,0.016087152285920628,-0.005845312699977936,0.04123364364498482,-0.1029507618698723,-6.00240745363777e-14,-3.575130591658429e-15,-7.845235140149728e-16,nan,1.05,28,56,nan,nan,nan,-0.005632178183236757,0.03949698557934485,-0.09948667083499724,0.03620631731408414,nan,l<=6 modal Maxwell stress vs static volume_demag
carousel_single_frequency,gap_8mm,0.008,0.1308996938995747,nan,nan,34.56,0.016087152285920628,-0.002922458415920704,0.020615558983723196,-0.05147208631184883,-2.994695685467342e-14,-1.8024201195463756e-15,-3.518752888964291e-16,nan,1.05,28,56,0.9999363650798979,nan,nan,nan,nan,nan,nan,nan,one-frequency scale estimate; denominator is zero-frequency phasor
carousel_spectral_component,gap_8mm,0.008,0.1308996938995747,nan,nan,34.55751918950688,nan,-0.002009181576758743,0.014173136233795854,-0.03538690813083506,-2.059457246389196e-14,-1.2979814340288077e-15,-2.829099571051489e-16,nan,1.05,28,56,nan,nan,nan,nan,nan,nan,nan,0.6874970560136141,weighted independent-frequency contribution
carousel_spectral_component,gap_8mm,0.008,0.1308996938995747,nan,nan,103.67255756852063,nan,-0.00048316135969645824,0.0034084821478633657,-0.008509975448870421,-4.945208915342884e-15,-3.195210150800397e-16,-7.166070080046758e-17,nan,1.05,28,56,nan,nan,nan,nan,nan,nan,nan,0.16541513650803208,weighted independent-frequency contribution
carousel_spectral_component,gap_8mm,0.008,0.1308996938995747,nan,nan,69.11503837901375,nan,-0.00042977133414367835,0.0030317443547923785,-0.007569473650167421,-4.408402252308901e-15,-2.7561593316784666e-16,-6.290871820947074e-17,nan,1.05,28,56,nan,nan,nan,nan,nan,nan,nan,0.14708780747835387,weighted independent-frequency contribution
carousel_spectral_sum,gap_8mm,0.008,0.1308996938995747,nan,nan,nan,nan,-0.002922114270598879,0.020613362736451597,-0.0514663572298729,-2.9948183631543746e-14,-1.893118382276694e-15,-4.174793761150872e-16,nan,1.05,28,56,0.9998257073408807,nan,nan,nan,nan,nan,nan,nan,offline separable-spectrum sum; not transient simulation
carousel_static_bridge,gap_8mm,0.008,0.2617993877991494,nan,nan,0,0.012058548883899465,-0.006240136993738981,3.28862128236566e-06,-0.03801942918035412,1.1023355840624969e-16,-1.8315617079536106e-15,-8.583203507363512e-17,nan,1.05,28,56,nan,nan,nan,-0.006207983236845907,-6.139902140291968e-05,-0.03801156657781221,0.001886652116527543,nan,l<=6 modal Maxwell stress vs static volume_demag
carousel_single_frequency,gap_8mm,0.008,0.2617993877991494,nan,nan,34.56,0.012058548883899465,-0.0031198459275810883,1.6442078881723156e-06,-0.019008335992204518,1.8130426737757315e-17,-9.374204755057068e-16,-5.849636607853411e-17,nan,1.05,28,56,0.9999275104017782,nan,nan,nan,nan,nan,nan,nan,one-frequency scale estimate; denominator is zero-frequency phasor
carousel_spectral_component,gap_8mm,0.008,0.2617993877991494,nan,nan,34.55751918950688,nan,-0.002144884912354436,1.1303880953600865e-06,-0.013068175170156043,4.4957327631907356e-17,-6.344398058679779e-16,-2.0306667146729274e-17,nan,1.05,28,56,nan,nan,nan,nan,nan,nan,nan,0.6874970560136141,weighted independent-frequency contribution
carousel_spectral_component,gap_8mm,0.008,0.2617993877991494,nan,nan,103.67255756852063,nan,-0.0005157802388130154,2.7184317812855124e-07,-0.003142473428343815,1.2053033328540557e-17,-1.515674439726128e-16,-3.5378218736107525e-18,nan,1.05,28,56,nan,nan,nan,nan,nan,nan,nan,0.16541513650803208,weighted independent-frequency contribution
carousel_spectral_component,gap_8mm,0.008,0.2617993877991494,nan,nan,69.11503837901375,nan,-0.00045879385062524216,2.417979397237181e-07,-0.0027952908960528267,7.368646217266548e-18,-1.3618139715000556e-16,-5.936480604574415e-18,nan,1.05,28,56,nan,nan,nan,nan,nan,nan,nan,0.14708780747835387,weighted independent-frequency contribution
carousel_spectral_sum,gap_8mm,0.008,0.2617993877991494,nan,nan,nan,nan,-0.0031194590017926934,1.6440292132123559e-06,-0.019005939494552686,6.437900717771446e-17,-9.221886469905962e-16,-2.978096962491444e-17,nan,1.05,28,56,0.9998014973120649,nan,nan,nan,nan,nan,nan,nan,offline separable-spectrum sum; not transient simulation
carousel_static_bridge,gap_16mm,0.016,0.0,nan,nan,0,0.00620532686450003,-5.7008510640077206e-05,-7.243260052789129e-15,-0.013484676938682313,-3.129909080682692e-17,8.050145771125387e-16,-3.3383066764975304e-18,nan,1.05,28,56,nan,nan,nan,-5.719925163398041e-05,-2.0607518148583787e-14,-0.013072300024460299,0.03154555892594795,nan,l<=6 modal Maxwell stress vs static volume_demag
carousel_single_frequency,gap_16mm,0.016,0.0,nan,nan,53.41,0.00620532686450003,-2.8503009988652878e-05,-3.1642219199350038e-15,-0.006741241136185924,-1.2487307005130617e-17,4.059139458305865e-16,1.0052163232949048e-18,nan,1.05,28,56,0.9998372495222869,nan,nan,nan,nan,nan,nan,nan,one-frequency scale estimate; denominator is zero-frequency phasor
carousel_lmax_convergence,gap_16mm,0.016,0.0,1,nan,53.41,0.00620532686450003,-2.423618548352282e-16,6.957999592300386e-16,4.028549259997181e-15,-2.12298735366628e-18,5.3504640918016895e-18,3.842810554456376e-18,nan,1.05,28,56,0.9482369330620276,nan,nan,nan,nan,nan,nan,nan,cumulative spatial harmonics l=1..listed l
carousel_lmax_convergence,gap_16mm,0.016,0.0,2,nan,53.41,0.00620532686450003,-7.630367125345353e-07,-7.504411637838938e-16,-0.005540459328727306,-3.512149401444234e-18,1.1357760952716644e-18,3.1405212815291853e-18,nan,1.05,28,56,0.9998102457092872,nan,nan,nan,nan,nan,nan,nan,cumulative spatial harmonics l=1..listed l
carousel_lmax_convergence,gap_16mm,0.016,0.0,3,nan,53.41,0.00620532686450003,-2.691834722030251e-05,-3.0144311097281997e-16,-0.006608526988421365,-3.5454737981765785e-18,3.562181435011671e-16,5.712113631090718e-18,nan,1.05,28,56,0.9998342524670075,nan,nan,nan,nan,nan,nan,nan,cumulative spatial harmonics l=1..listed l
carousel_lmax_convergence,gap_16mm,0.016,0.0,4,nan,53.41,0.00620532686450003,-2.851470210610613e-05,-1.2353459482535217e-15,-0.006729887245974866,-1.0886703991559925e-17,4.1102247287980504e-16,3.598069589518448e-18,nan,1.05,28,56,0.9998369850628582,nan,nan,nan,nan,nan,nan,nan,cumulative spatial harmonics l=1..listed l
carousel_lmax_convergence,gap_16mm,0.016,0.0,5,nan,53.41,0.00620532686450003,-2.8510645227259032e-05,-7.662852517247948e-16,-0.00674041070478051,-7.353839075481554e-18,4.041158023782712e-16,5.7675521213019384e-18,nan,1.05,28,56,0.9998372298611914,nan,nan,nan,nan,nan,nan,nan,cumulative spatial harmonics l=1..listed l
carousel_lmax_convergence,gap_16mm,0.016,0.0,6,nan,53.41,0.00620532686450003,-2.8503009988652878e-05,-3.1642219199350038e-15,-0.006741241136185924,-1.2487307005130617e-17,4.059139458305865e-16,1.0052163232949048e-18,nan,1.05,28,56,0.9998372495222869,nan,nan,nan,nan,nan,nan,nan,cumulative spatial harmonics l=1..listed l
carousel_spectral_component,gap_16mm,0.016,0.0,nan,nan,53.40707511105608,nan,-2.4058181603823375e-05,-7.062872479684013e-16,-0.005689995746580764,4.2270944301268225e-18,3.3310097362113745e-16,-8.590002266840233e-20,nan,1.05,28,56,nan,nan,nan,nan,nan,nan,nan,0.8440575749552105,weighted independent-frequency contribution
carousel_spectral_component,gap_16mm,0.016,0.0,nan,nan,62.831853071830686,nan,-4.027701585966535e-06,-3.811817686072083e-16,-0.0009525476629689559,-1.439990237861923e-18,5.692561289211766e-17,-5.408192026276221e-21,nan,1.05,28,56,nan,nan,nan,nan,nan,nan,nan,0.14131030268746278,weighted independent-frequency contribution
carousel_spectral_component,gap_16mm,0.016,0.0,nan,nan,70.68583470580953,nan,-4.1704588157633687e-07,-4.6559898167058796e-17,-9.862669337004053e-05,-1.2917618488706624e-19,5.881791586093408e-18,-3.360705479355531e-20,nan,1.05,28,56,nan,nan,nan,nan,nan,nan,nan,0.014632122357326709,weighted independent-frequency contribution
carousel_spectral_sum,gap_16mm,0.016,0.0,nan,nan,nan,nan,-2.8502929071366246e-05,-1.1340289147426685e-15,-0.00674117010291976,2.6579280073778333e-18,3.959083780993485e-16,-1.2491526948823385e-19,nan,1.05,28,56,0.9998267142549017,nan,nan,nan,nan,nan,nan,nan,offline separable-spectrum sum; not transient simulation
carousel_static_bridge,gap_16mm,0.016,0.1308996938995747,nan,nan,0,0.005483870411519546,-0.0003202929302388466,0.002034836965286416,-0.009790764947309157,-3.45935440673534e-15,1.7563302204322499e-16,-8.42759475848485e-17,nan,1.05,28,56,nan,nan,nan,-0.0003106498179232796,0.0019265073740533,-0.009537784665505127,0.028285296461731682,nan,l<=6 modal Maxwell stress vs static volume_demag
carousel_single_frequency,gap_16mm,0.016,0.1308996938995747,nan,nan,53.41,0.005483870411519546,-0.00016012291135072273,0.0010172513760241845,-0.004894579053504361,-1.7263490617152048e-15,8.348891921749524e-17,-4.535055275246481e-17,nan,1.05,28,56,0.9998358942275162,nan,nan,nan,nan,nan,nan,nan,one-frequency scale estimate; denominator is zero-frequency phasor
carousel_spectral_component,gap_16mm,0.016,0.1308996938995747,nan,nan,53.40707511105608,nan,-0.00013515295841849508,0.0008586187449444694,-0.004131306600264678,-1.4666769021521466e-15,7.90642961116023e-17,-3.775357805145845e-17,nan,1.05,28,56,nan,nan,nan,nan,nan,nan,nan,0.8440575749552105,weighted independent-frequency contribution
carousel_spectral_component,gap_16mm,0.016,0.1308996938995747,nan,nan,62.831853071830686,nan,-2.262574699003352e-05,0.000143739090460861,-0.0006916111317096746,-2.444222805142329e-16,1.1578921365745019e-17,-6.16456395531424e-18,nan,1.05,28,56,nan,nan,nan,nan,nan,nan,nan,0.14131030268746278,weighted independent-frequency contribution
carousel_spectral_component,gap_16mm,0.016,0.1308996938995747,nan,nan,70.68583470580953,nan,-2.3426810152245195e-06,1.4882723519949987e-05,-7.160931446961881e-05,-2.5469942680908173e-17,1.2023438280559217e-18,-6.501672155049602e-19,nan,1.05,28,56,nan,nan,nan,nan,nan,nan,nan,0.014632122357326709,weighted independent-frequency contribution
carousel_spectral_sum,gap_16mm,0.016,0.1308996938995747,nan,nan,nan,nan,-0.00016012138642375312,0.0010172405589252804,-0.004894527046443971,-1.7365691253472876e-15,9.184556130540324e-17,-4.456830922227765e-17,nan,1.05,28,56,0.9998252713198484,nan,nan,nan,nan,nan,nan,nan,offline separable-spectrum sum; not transient simulation
carousel_static_bridge,gap_16mm,0.016,0.2617993877991494,nan,nan,0,0.004748867276809959,-0.0005114188172576072,-3.1654325867399856e-08,-0.006669410319810415,-1.2026356792566683e-17,-1.9203093919723356e-16,1.2387743183369891e-17,nan,1.05,28,56,nan,nan,nan,-0.000501907136615652,-3.408808255177734e-06,-0.006578834925216062,0.013812775054256524,nan,l<=6 modal Maxwell stress vs static volume_demag
carousel_single_frequency,gap_16mm,0.016,0.2617993877991494,nan,nan,53.41,0.004748867276809959,-0.0002556693754332897,-1.5822059942877385e-08,-0.0033341507416289546,-5.281329852433033e-19,-9.592695124211593e-17,1.3438894687230731e-17,nan,1.05,28,56,0.999833799641015,nan,nan,nan,nan,nan,nan,nan,one-frequency scale estimate; denominator is zero-frequency phasor
carousel_spectral_component,gap_16mm,0.016,0.2617993877991494,nan,nan,53.40707511105608,nan,-0.00021579967670296322,-1.3354730242930155e-08,-0.0028142152405344232,-9.364632880593015e-18,-8.238549357314165e-17,4.828483660587623e-18,nan,1.05,28,56,nan,nan,nan,nan,nan,nan,nan,0.8440575749552105,weighted independent-frequency contribution
carousel_spectral_component,gap_16mm,0.016,0.2617993877991494,nan,nan,62.831853071830686,nan,-3.612655832486901e-05,-2.2355450343414336e-09,-0.0004711199597878683,-1.786129237511419e-18,-1.346207187375781e-17,8.65786254533461e-19,nan,1.05,28,56,nan,nan,nan,nan,nan,nan,nan,0.14131030268746278,weighted independent-frequency contribution
carousel_spectral_component,gap_16mm,0.016,0.2617993877991494,nan,nan,70.68583470580953,nan,-3.7405487950249236e-06,-2.314546775572381e-10,-4.877965313049245e-05,-7.75406928064314e-20,-1.4257961699129372e-18,9.619556774926197e-20,nan,1.05,28,56,nan,nan,nan,nan,nan,nan,nan,0.014632122357326709,weighted independent-frequency contribution
carousel_spectral_sum,gap_16mm,0.016,0.2617993877991494,nan,nan,nan,nan,-0.00025566678382285714,-1.582172995482883e-08,-0.003334114853452784,-1.1228302810910866e-17,-9.727336161681241e-17,5.790465482870346e-18,nan,1.05,28,56,0.999823041282748,nan,nan,nan,nan,nan,nan,nan,offline separable-spectrum sum; not transient simulation
