B2_max_rel,B2_rms_rel,Bmag_max_rel,Bmag_rms_rel,Bvec_max_rel,Bvec_rms_rel,F_norm,F_rel,Fz_mean,Fz_mean_rel_error,N_mean,N_mean_rel_error,accumulated_angle,accumulated_angle_rel_error,bracket_width,case,dt,dt_Omega18,dt_Omega6,dt_level,dt_tau,final_x,final_y,gap_mm,grad_max_rel,grad_rms_rel,grid_ds,grid_dx,grid_level,grid_n,omega,omega_ball,omega_ball_rel_error,omega_crit,omega_crit_shift,ratio,ratio_abs_error,ratio_rel_error,record,regime,regime_change,slip_mean,slip_mean_rel_error,spin_radial,spin_radial_rel_error,status,steps_cycle18,steps_cycle6,steps_tau,tau_mean,tau_mean_rel_error,tau_norm,tau_rel,vtan_mean,vtan_mean_rel_error
0.012614973571048323,0.009428436344843949,0.006709491859219554,0.00461894609718401,0.006685998531637284,0.00570814622814582,0.4594292873053277,0.014915627986173054,,,,,,,,,,,,,,,,3.0,0.02760662110535852,0.020576667983522038,0.001,0.0010000000000000009,coarse,181,,,,,,,,,grid,,,,,,,,,,,,,0.000630342532788073,0.0169456020116108,,
0.003049276108192755,0.001963305551539276,0.0015527331118211506,0.0009543086890866331,0.0016108730886088773,0.0011720793795643447,0.46375088138581305,0.0029368155184250583,,,,,,,,,,,,,,,,3.0,0.005844345936407992,0.004204191899130039,0.0005,0.0005000000000000004,default,361,,,,,,,,,grid,,,,,,,,,,,,,0.0006386328649083173,0.004023096576194012,,
0.0,0.0,0.0,0.0,0.0,0.0,0.46441416759058507,0.0,,,,,,,,,,,,,,,,3.0,0.0,0.0,0.00025,0.0002500000000000002,fine,721,,,,,,,,,grid,,,,,,,,,,,,,0.0006412079343449626,0.0,,
0.010426516964759134,0.007624352225166081,0.005483348866841373,0.00373036553415316,0.005390970788314088,0.004518686238411514,0.22729641337632922,0.01135318945928546,,,,,,,,,,,,,,,,5.0,0.02355620178890633,0.016639444941731984,0.001,0.0010000000000000009,coarse,181,,,,,,,,,grid,,,,,,,,,,,,,0.00034274304135772693,0.013708750909023154,,
0.0025185204031655563,0.0015818354404761154,0.0012779977489738152,0.0007681075158039313,0.0012563459230773642,0.0009260368843527088,0.22916883004855995,0.0020483392912625125,,,,,,,,,,,,,,,,5.0,0.004993391954800157,0.003396712998621605,0.0005,0.0005000000000000004,default,361,,,,,,,,,grid,,,,,,,,,,,,,0.0003464024555513584,0.003184381037442392,,
0.0,0.0,0.0,0.0,0.0,0.0,0.22946643831705849,0.0,,,,,,,,,,,,,,,,5.0,0.0,0.0,0.00025,0.0002500000000000002,fine,721,,,,,,,,,grid,,,,,,,,,,,,,0.0003475067516886347,0.0,,
0.008042657222095054,0.005904206721485296,0.00419390397339975,0.0029487218993953885,0.004107549458234718,0.0034235613797551955,0.08582951513952285,0.008553967137200916,,,,,,,,,,,,,,,,8.0,0.018023300478623935,0.011954204458699916,0.001,0.0010000000000000009,coarse,181,,,,,,,,,grid,,,,,,,,,,,,,0.00014317097005492687,0.010167228107242087,,
0.0019262888142218225,0.0012173091065834569,0.0009734657523565052,0.0006038974979125278,0.0009375318445130328,0.0006994117518377914,0.08642045858981065,0.0014135037654616465,,,,,,,,,,,,,,,,8.0,0.0038091543199864904,0.0024346481310654794,0.0005,0.0005000000000000004,default,361,,,,,,,,,grid,,,,,,,,,,,,,0.0001443077145782786,0.002313170967390886,,
0.0,0.0,0.0,0.0,0.0,0.0,0.0865212848213646,0.0,,,,,,,,,,,,,,,,8.0,0.0,0.0,0.00025,0.0002500000000000002,fine,721,,,,,,,,,grid,,,,,,,,,,,,,0.00014464141983070214,0.0,,
0.005068854075935277,0.00430533333295908,0.0028249254200760705,0.0022317191728956883,0.002833714667033031,0.002389825680232703,0.008627797918476279,0.005697894863684685,,,,,,,,,,,,,,,,16.0,0.009775124077345586,0.006249251600522127,0.001,0.0010000000000000009,coarse,181,,,,,,,,,grid,,,,,,,,,,,,,1.668342219111512e-05,0.005931468019145255,,
0.001228909024539286,0.0008770222685153757,0.0006495055977088519,0.00045299983953932,0.0006421442338837171,0.0004851198637786712,0.00866899351249378,0.0009508792953046893,,,,,,,,,,,,,,,,16.0,0.002064308723745955,0.001264207742605749,0.0005,0.0005000000000000004,default,361,,,,,,,,,grid,,,,,,,,,,,,,1.676112136802219e-05,0.0013005299546143977,,
0.0,0.0,0.0,0.0,0.0,0.0,0.008677210775390319,0.0,,,,,,,,,,,,,,,,16.0,0.0,0.0,0.00025,0.0002500000000000002,fine,721,,,,,,,,,grid,,,,,,,,,,,,,1.678286180099948e-05,0.0,,
,,,,,,,,-1.2755988671928054,8.971612653616919e-13,1.3448307225530118,8.509754235923722e-13,2.5943608891108236,9.616600340421938e-13,,A_locked,4e-05,,,2dt,,-0.05118006615525264,0.031184160033481997,3.0,,,,,,,2.0,1.9999825205982562,3.5183275141659264e-13,,,0.9999912602991281,3.518296765037121e-13,3.5183275141659264e-13,timestep,locked/prograde,False,0.0013492640184125482,1.618335226894083e-11,-19.77447243606694,4.599355342950092e-11,,,,,0.0004782127817161012,1.4542702916336546e-11,,,0.11999607370437465,4.473697534833984e-11
,,,,,,,,-1.2755988671915055,1.2184960918765703e-13,1.3448307225517118,1.1574190375208632e-13,2.594360889108037,1.1246184449372043e-13,,A_locked,2e-05,,,dt,,-0.05118006615508151,0.031184160033573285,3.0,,,,,,,2.0,1.9999825205989032,2.8310934557030964e-14,,,0.9999912602994516,2.8310687127941492e-14,2.8310934557030964e-14,timestep,locked/prograde,False,0.0013492640183873782,2.4712401100259504e-12,-19.7744724350271,6.591425378109968e-12,,,,,0.0004782127817081881,2.004541466618695e-12,,,0.11999607369821598,6.586960558198807e-12
,,,,,,,,-1.2755988671916603,5.222126108042445e-16,1.3448307225518665,6.60438823121748e-16,2.594360889108304,9.585788876177083e-15,,A_locked,1e-05,,,dt/2,,-0.05118006615510114,0.031184160033566524,3.0,,,,,,,2.0,1.9999825205990538,4.69628443828396e-14,,,0.9999912602995269,4.696243394164412e-14,4.69628443828396e-14,timestep,locked/prograde,False,0.0013492640183910827,2.7433224086715857e-13,-19.774472435162547,2.581737425955087e-13,,,,,0.000478212781709147,6.801588418092049e-16,,,0.11999607369903713,2.561692149312678e-13
,,,,,,,,-1.275598867191661,0.0,1.3448307225518674,0.0,2.5943608891083287,0.0,,A_locked,5e-06,,,dt/4,,-0.05118006615510122,0.03118416003356481,3.0,,,,,,,2.0,1.9999825205989599,0.0,,,0.9999912602994799,0.0,0.0,timestep,locked/prograde,False,0.0013492640183907125,0.0,-19.774472435157442,0.0,,,,,0.0004782127817091467,0.0,,,0.11999607369900639,0.0
,,,,,,,,-0.48510208407032424,1.0685850692405563e-09,0.5543339394305307,9.351274796702579e-10,9.085457260097048,1.0924425999029998e-10,,B_transition,4e-05,,,2dt,,-0.05699308760613324,0.02011700752622854,5.0,,,,,,,7.0,7.003128499199404,1.69750699119545e-10,,,1.0004469284570576,1.6982659722941662e-10,1.6975073082603233e-10,timestep,locked/prograde,False,0.12758840228557775,6.645562945024496e-09,-49.56347971484945,3.5197766948402142e-09,,,,,0.00048586182676953714,1.917556606947645e-09,,,0.42485872024250587,4.931316861688373e-10
,,,,,,,,-0.48510208484363065,5.25525620997735e-10,0.5543339402038372,4.5989179335730526e-10,9.08545725862904,5.2333511559048394e-11,,B_transition,2e-05,,,dt,,-0.05699308747003857,0.020117007572281066,5.0,,,,,,,7.0,7.003128497413214,8.530528952783659e-11,,,1.0004469282018877,8.534328799214563e-11,8.530516270188732e-11,timestep,locked/prograde,False,0.12758840105259436,3.0181946392600153e-09,-49.563479965673515,1.5408862383854045e-09,,,,,0.0004858618281562834,9.36642183279811e-10,,,0.42485872052851564,1.8005626468129424e-10
,,,,,,,,-0.4851020845731442,3.206107085801477e-11,0.5543339399333508,2.8056700418704343e-11,9.08545725913764,3.645991764249498e-12,,B_transition,1e-05,,,dt/2,,-0.056993087514438975,0.02011700755535509,5.0,,,,,,,7.0,7.0031284980565935,6.5650184386046344e-12,,,1.000446928293799,6.568079413682426e-12,6.565145264553916e-12,timestep,locked/prograde,False,0.12758840146633849,2.2460891995152224e-10,-49.56347988340217,1.1903249670729784e-10,,,,,0.00048586182767052183,6.315142602662027e-11,,,0.42485872044504436,1.6412070369865514e-11
,,,,,,,,-0.4851020845886971,0.0,0.5543339399489036,0.0,9.085457259104514,0.0,,B_transition,5e-06,,,dt/4,,-0.05699308751149408,0.02011700755643881,5.0,,,,,,,7.0,7.003128498010618,0.0,,,1.000446928287231,0.0,0.0,timestep,locked/prograde,False,0.127588401437681,0.0,-49.56347988930183,0.0,,,,,0.0004858618277012047,0.0,,,0.42485872045201717,0.0
,,,,,,,,-0.019266869146137632,1.0337861686971249e-05,0.08849872450634416,2.250615686132056e-06,-5.404326972431444,4.187344037575068e-06,,C_retrograde,4e-05,,,2dt,,0.052321575285627364,0.06314459392495589,8.0,,,,,,,16.0,-5.03420793705171,1.0931157507184037e-05,,,-0.3146379960657319,3.439319896991755e-06,1.0931157507184037e-05,timestep,retrograde,False,0.019795541565774243,0.0007780013270909342,61.28303687293756,3.5614346069470047e-06,,,,,2.575277570255502e-05,6.181940706260641e-06,,,-0.36837417165846953,1.5848458383956013e-07
,,,,,,,,-0.01926634462526479,1.6886400401948224e-05,0.08849819998547133,3.676272596760951e-06,-5.404263970767258,7.470338467031857e-06,,C_retrograde,2e-05,,,dt,,0.0523172161772546,0.06314743052837134,8.0,,,,,,,16.0,-5.0340583732522655,1.877866700155589e-05,,,-0.3146286483282666,5.908417568312174e-06,1.877866700155589e-05,timestep,retrograde,False,0.01976467251825705,0.0007826058214672923,61.283349335706774,1.537230086319676e-06,,,,,2.575231774385086e-05,1.1601056378069569e-05,,,-0.368373142479853,2.635356186883216e-06
,,,,,,,,-0.01926672438295611,2.8242030346129573e-06,0.08849857974316265,6.148462654384813e-07,-5.404310077872783,1.0612139031666902e-06,,C_retrograde,1e-05,,,dt/2,,0.05232031550610439,0.06314524496847904,8.0,,,,,,,16.0,-5.034167575986997,2.9137084046953545e-06,,,-0.3146354734991873,9.167533523979365e-07,2.9137084046953545e-06,timestep,retrograde,False,0.019782185389040235,0.00010277009823975271,61.283219390679406,5.831701289380168e-07,,,,,2.5752673906112876e-05,2.2290824739058105e-06,,,-0.3683741808435021,1.8341856328278162e-07
,,,,,,,,-0.019266669969968314,0.0,0.08849852533017485,0.0,-5.404304342749877,0.0,,C_retrograde,5e-06,,,dt/4,,0.05231994448062646,0.06314553431486342,8.0,,,,,,,16.0,-5.0341529079333585,0.0,,,-0.3146345567458349,0.0,0.0,timestep,retrograde,False,0.019780152580816307,0.0,61.2832551292432,0.0,,,,,2.5752616501406776e-05,0.0,,,-0.3683741132768515,0.0
,,,,,,,,-0.007909700908125752,3.4637939166260124e-09,0.07714155626833229,3.5515967863002953e-10,-0.8178429395056934,3.8685859599621225e-09,,D_weak_field,4e-05,,,2dt,,0.0421706648853438,-0.04499988672475899,16.0,,,,,,,10.0,-0.9314733818586154,3.793493178595165e-09,,,-0.09314733818586154,3.533537906719175e-10,3.793493178595165e-09,timestep,retrograde,False,0.0004647737783075728,5.292500627156716e-09,9.541893394432908,2.819971188597182e-09,,,,,1.341306304058865e-05,5.960601789845206e-09,,,-0.056788704341923166,2.7987552233526476e-09
,,,,,,,,-0.007909700871132675,1.2131309838561797e-09,0.07714155623133921,1.2438827285516367e-10,-0.8178429371692385,1.0117355616706496e-09,,D_weak_field,2e-05,,,dt,,0.04217066498774948,-0.044999886623311156,16.0,,,,,,,10.0,-0.9314733795286297,1.2920951750869065e-09,,,-0.09314733795286298,1.2035522578557334e-10,1.2920951750869065e-09,timestep,retrograde,False,0.0004647737746019829,2.680388804609043e-09,9.541893382325856,1.551140056752919e-09,,,,,1.3413062956392327e-05,3.165866294382832e-10,,,-0.056788704273036734,1.5857247048277268e-09
,,,,,,,,-0.007909700879710458,1.286673978369807e-10,0.07714155623991699,1.3192987262370291e-11,-0.817842934963815,1.6848989783874234e-09,,D_weak_field,1e-05,,,dt/2,,0.042170665071166846,-0.044999886513418734,16.0,,,,,,,10.0,-0.931473376580041,1.873415267984017e-09,,,-0.0931473376580041,1.7450364764304283e-10,1.873415297781514e-09,timestep,retrograde,False,0.00046477377581101323,7.905803086563854e-11,9.541893348431998,2.0009703139147856e-09,,,,,1.3413062956101604e-05,3.382613007052002e-10,,,-0.056788704068458866,2.0167147499493365e-09
,,,,,,,,-0.007909700880728178,0.0,0.07714155624093472,0.0,-0.8178429363417977,0.0,,D_weak_field,5e-06,,,dt/4,,0.0421706650146007,-0.04499988657733727,16.0,,,,,,,10.0,-0.9314733783250775,0.0,,,-0.09314733783250775,0.0,0.0,timestep,retrograde,False,0.0004647737758477573,0.0,9.541893367525043,0.0,,,,,1.3413062960638724e-05,0.0,,,-0.05678870418298548,0.0
,,,,,,,,,,,,,,0.015625,,2e-05,,,dt,,,,5.0,,,,,default,,,,,7.7890625,0.0,,,,critical,,,,,,,ok,,,,,,,,,
,,,,,,,,,,,,,,0.015625,,1e-05,,,dt/2,,,,5.0,,,,,default,,,,,7.7890625,0.0,,,,critical,,,,,,,ok,,,,,,,,,
,,,,,,,,,,,,,,0.015625,,5e-06,,,dt/4,,,,5.0,,,,,default,,,,,7.7890625,0.0,,,,critical,,,,,,,ok,,,,,,,,,
,,,,,,,,,,,,,,0.015625,,2e-05,,,dt,,,,5.0,,,,,fine,,,,,7.8359375,,,,,critical,,,,,,,ok,,,,,,,,,
,,,,,,,,,,,,,,0.0078125,,2e-05,,,dt,,,,8.0,,,,,default,,,,,3.68359375,0.0,,,,critical,,,,,,,ok,,,,,,,,,
,,,,,,,,,,,,,,0.0078125,,1e-05,,,dt/2,,,,8.0,,,,,default,,,,,3.68359375,0.0,,,,critical,,,,,,,ok,,,,,,,,,
,,,,,,,,,,,,,,0.0078125,,5e-06,,,dt/4,,,,8.0,,,,,default,,,,,3.68359375,0.0,,,,critical,,,,,,,ok,,,,,,,,,
,,,,,,,,,,,,,,,,4e-05,0.00144,0.00048000000000000007,2dt,0.01,,,,,,,,,,2.0,,,,,,,,timescale,,,,,,,,4363.3231299858235,13089.96938995747,100.0,,,,,,
,,,,,,,,,,,,,,,,2e-05,0.00072,0.00024000000000000003,dt,0.005,,,,,,,,,,2.0,,,,,,,,timescale,,,,,,,,8726.646259971647,26179.93877991494,200.0,,,,,,
,,,,,,,,,,,,,,,,1e-05,0.00036,0.00012000000000000002,dt/2,0.0025,,,,,,,,,,2.0,,,,,,,,timescale,,,,,,,,17453.292519943294,52359.87755982988,400.0,,,,,,
,,,,,,,,,,,,,,,,5e-06,0.00018,6.000000000000001e-05,dt/4,0.00125,,,,,,,,,,2.0,,,,,,,,timescale,,,,,,,,34906.58503988659,104719.75511965976,800.0,,,,,,
,,,,,,,,,,,,,,,,4e-05,0.00504,0.0016800000000000003,2dt,0.01,,,,,,,,,,7.0,,,,,,,,timescale,,,,,,,,1246.663751424521,3739.9912542735633,100.0,,,,,,
,,,,,,,,,,,,,,,,2e-05,0.00252,0.0008400000000000001,dt,0.005,,,,,,,,,,7.0,,,,,,,,timescale,,,,,,,,2493.327502849042,7479.982508547127,200.0,,,,,,
,,,,,,,,,,,,,,,,1e-05,0.00126,0.00042000000000000007,dt/2,0.0025,,,,,,,,,,7.0,,,,,,,,timescale,,,,,,,,4986.655005698084,14959.965017094253,400.0,,,,,,
,,,,,,,,,,,,,,,,5e-06,0.00063,0.00021000000000000004,dt/4,0.00125,,,,,,,,,,7.0,,,,,,,,timescale,,,,,,,,9973.310011396168,29919.930034188506,800.0,,,,,,
,,,,,,,,,,,,,,,,4e-05,0.01152,0.0038400000000000005,2dt,0.01,,,,,,,,,,16.0,,,,,,,,timescale,,,,,,,,545.4153912482279,1636.2461737446838,100.0,,,,,,
,,,,,,,,,,,,,,,,2e-05,0.00576,0.0019200000000000003,dt,0.005,,,,,,,,,,16.0,,,,,,,,timescale,,,,,,,,1090.8307824964559,3272.4923474893676,200.0,,,,,,
,,,,,,,,,,,,,,,,1e-05,0.00288,0.0009600000000000001,dt/2,0.0025,,,,,,,,,,16.0,,,,,,,,timescale,,,,,,,,2181.6615649929117,6544.984694978735,400.0,,,,,,
,,,,,,,,,,,,,,,,5e-06,0.00144,0.00048000000000000007,dt/4,0.00125,,,,,,,,,,16.0,,,,,,,,timescale,,,,,,,,4363.3231299858235,13089.96938995747,800.0,,,,,,
,,,,,,,,,,,,,,,,4e-05,0.007200000000000001,0.0024000000000000002,2dt,0.01,,,,,,,,,,10.0,,,,,,,,timescale,,,,,,,,872.6646259971646,2617.993877991494,100.0,,,,,,
,,,,,,,,,,,,,,,,2e-05,0.0036000000000000003,0.0012000000000000001,dt,0.005,,,,,,,,,,10.0,,,,,,,,timescale,,,,,,,,1745.3292519943293,5235.987755982988,200.0,,,,,,
,,,,,,,,,,,,,,,,1e-05,0.0018000000000000002,0.0006000000000000001,dt/2,0.0025,,,,,,,,,,10.0,,,,,,,,timescale,,,,,,,,3490.6585039886586,10471.975511965977,400.0,,,,,,
,,,,,,,,,,,,,,,,5e-06,0.0009000000000000001,0.00030000000000000003,dt/4,0.00125,,,,,,,,,,10.0,,,,,,,,timescale,,,,,,,,6981.317007977317,20943.951023931953,800.0,,,,,,
