B_center,B_max,B_mean,B_min,B_std,B_vector_rms_rel,F_norm,F_ratio,F_rel_fine,F_vector_rel,Fmag,Fmag_point,Fmag_volume,Fz,Fz_point,Fz_volume,Nload,case,gap_mm,grad_rms_rel,model,n_elem,normal_ratio,omega,omega_crit_point,omega_crit_volume,quadrature,radius_mm,ratio,ratio_point,ratio_volume,record,regime,regime_point,regime_volume,seconds_per_sim_second,shift,tau_norm,tau_point,tau_ratio,tau_rel_fine,tau_vector_rel,tau_volume,time_point,time_volume,torque,vtan
,,,,,,,,,,1.2784360854504564,,,-1.2755988671915055,,,1.344830722551712,A,3.0,,,,,2.0,,,,,0.9999912602994517,,,point_baseline,locked/prograde,,,,,,,,,,,,,0.0004782127817081873,0.11999607369821572
,,,,,,,,,,0.2023110477231409,,,-0.18546137922071043,,,0.2546932345809169,B,5.0,,,,,7.8,,,,,-0.18874876348017716,,,point_baseline,retrograde,,,,,,,,,,,,,0.00016184343092641622,-0.07875813264210514
,,,,,,,,,,0.02335484395240497,,,-0.019266344625264803,,,0.08849819998547134,C,8.0,,,,,16.0,,,,,-0.3146286483282654,,,point_baseline,retrograde,,,,,,,,,,,,,2.5752317743850925e-05,-0.3683731424798517
,,,,,,,,,,0.008140539906625851,,,-0.007909700871132675,,,0.07714155623133921,D,16.0,,,,,10.0,,,,,-0.09314733795286295,,,point_baseline,retrograde,,,,,,,,,,,,,1.3413062956392334e-05,-0.056788704273036714
0.05315812621359638,0.14680351742818354,0.057945065639590745,0.0211037811556776,0.036820841980202024,0.8166452992864943,,,,,,,,,,,,,3.0,1.140582943759425,,,,,,,,,,,,field_variation,,,,,,,,,,,,,,,
0.035459011452712776,0.08894646329690425,0.038020948760801275,0.015248667160556846,0.02148762255402404,0.7196449723362107,,,,,,,,,,,,,5.0,1.0106744760845512,,,,,,,,,,,,field_variation,,,,,,,,,,,,,,,
0.020636363914087758,0.04610154255579745,0.021768921933178014,0.00972028947608869,0.010557045977131169,0.6128330122122723,,,,,,,,,,,,,8.0,0.8354766119505936,,,,,,,,,,,,field_variation,,,,,,,,,,,,,,,
0.014881517991670446,0.03135169912854929,0.015589306155270427,0.007335765758570904,0.006958951272617467,0.5629866379338977,,,,,,,,,,,,,10.0,0.7445011568983674,,,,,,,,,,,,field_variation,,,,,,,,,,,,,,,
0.006201879723002208,0.011679507530309417,0.006427227875599811,0.0033075067843312015,0.0024204098674149885,0.4762964985015817,,,,,,,,,,,,,16.0,0.5745829898578126,,,,,,,,,,,,field_variation,,,,,,,,,,,,,,,
,,,,,,,1.4803247502654315,,0.4803392416404437,,,,,,,,,,,,,,,,,,6.0,,,,small_radius,,,,,,,,1.6258717815994637,,0.6260573431900933,,,,,
,,,,,,,1.0993932935203665,,0.09939601902736313,,,,,,,,,,,,,,,,,,3.0,,,,small_radius,,,,,,,,1.1292786163758335,,0.1293313080479132,,,,,
,,,,,,,1.022509219465368,,0.02250980677143568,,,,,,,,,,,,,,,,,,1.5,,,,small_radius,,,,,,,,1.0298595430607524,,0.029873033502791975,,,,,
,,,,,,,1.0041153938514158,,0.004115494660641689,,,,,,,,,,,,,,,,,,0.75,,,,small_radius,,,,,,,,1.0062151316257664,,0.006218419677705348,,,,,
,,,,,,2.2378829091743966,,0.049191345599385594,,,,,,,,,,3.0,,,48,,2.0,,,coarse,,0.9993501716312705,,,quadrature,,,,,,0.003094473990776113,,,0.07774606289446591,,,,,,
,,,,,,2.370326783178727,,0.0070808164565982,,,,,,,,,,3.0,,,192,,2.0,,,medium,,1.0022672852809196,,,quadrature,,,,,,0.0033610596263431826,,,0.0017083082938231494,,,,,,
,,,,,,2.3536610318281808,,0.0,,,,,,,,,,3.0,,,768,,2.0,,,fine,,1.0020085820867248,,,quadrature,,,,,,0.0033553328577566347,,,0.0,,,,,,
,,,,,,0.21752564472009317,,0.032293672219543296,,,,,,,,,,8.0,,,48,,16.0,,,coarse,,-0.4017515435642526,,,quadrature,,,,,,0.00037195993253392697,,,0.041541354567909854,,,,,,
,,,,,,0.22441468016819072,,0.0016444539101582258,,,,,,,,,,8.0,,,192,,16.0,,,medium,,-0.3962926675735034,,,quadrature,,,,,,0.00038688938329083767,,,0.0030622870329789277,,,,,,
,,,,,,0.22478428960212682,,0.0,,,,,,,,,,8.0,,,768,,16.0,,,fine,,-0.39531739965142804,,,quadrature,,,,,,0.00038807743431208236,,,0.0,,,,,,
,,,,,,,,,,,1.2784721850524114,2.394116059124576,,-1.2756169348017488,-2.386343971366922,,,3.0,,,,1.8259122101239444,2.0,,,,,,1.000237438409107,1.0011868569989724,comparison,,locked/prograde,locked/prograde,,,,0.00047775997821681004,,,,0.0010369329218542726,0.17624452299787663,2.9595976679993328,,
,,,,,,,,,,,1.238340301097197,2.3347592182334616,,-1.2232396908752619,-2.307115315123878,,,3.0,,,,1.8386069522424522,5.0,,,,,,0.9997309206516635,1.000246984316922,comparison,,locked/prograde,locked/prograde,,,,0.0011245968827253792,,,,0.0020810200080182057,0.1714567269955296,2.720592906989623,,
,,,,,,,,,,,1.2320620682801782,2.3287839998094264,,-1.2161342064425922,-2.3006403652996337,,,3.0,,,,1.8437333076430849,10.0,,,,,,1.0001504275879811,0.9999242427126356,comparison,,locked/prograde,locked/prograde,,,,0.001130176341816409,,,,0.002076673346604407,0.16896813997300342,2.587365226005204,,
,,,,,,,,,,,0.015541468532223173,2.076197143430887,,-0.007509811629999449,-2.049921687703895,,,3.0,,,,27.614119241566048,16.0,,,,,,0.5232605820564558,1.0002546278735545,comparison,,locked/prograde,locked/prograde,,,,1.4824266296597413e-05,,,,0.0018786122158354502,0.17298827701597475,2.6093196580186486,,
,,,,,,,,,,,0.5153207354782421,0.86418859135153,,-0.5138965812204727,-0.8612601762792954,,,5.0,,,,1.595689685613133,2.0,,,,,,0.9986852855527701,1.0015078932067785,comparison,,locked/prograde,locked/prograde,,,,0.00021200357430997707,,,,0.0003934256232061903,0.17455896799219772,2.6257153839978855,,
,,,,,,,,,,,0.4952718595134391,0.8375080025926996,,-0.48780855332897793,-0.8264251078857948,,,5.0,,,,1.607885082078053,5.0,,,,,,1.0003044600532252,0.9992803324256331,comparison,,locked/prograde,locked/prograde,,,,0.0004808588599369136,,,,0.0007861187990259242,0.17230650398414582,2.6239315989951137,,
,,,,,,,,,,,0.23466390519118033,0.796085164590239,,-0.21969903902514992,-0.7826760688314016,,,5.0,,,,2.948483325065927,10.0,,,,,,-0.48413500079092353,0.9994598794431189,comparison,,retrograde,locked/prograde,,,,0.0001897056682337835,,,,0.0007484515406403629,0.17173918499611318,2.8765535520215053,,
,,,,,,,,,,,0.21227329850609242,0.3146615615733667,,-0.19351960724480835,-0.28289121697915565,,,5.0,,,,1.3401374395723025,16.0,,,,,,-0.5311002723250998,-0.6219227348021303,comparison,,retrograde,retrograde,,,,0.00022491710419390534,,,,0.00035166858642811995,0.22802303597563878,3.85953876900021,,
,,,,,,,,,,,0.15070805159800912,0.2246979116347118,,-0.14970081525149903,-0.22353521481988595,,,8.0,,,,1.3372470603043893,2.0,,,,,,1.006584611390371,0.9929089828561541,comparison,,locked/prograde,locked/prograde,,,,7.121293659015715e-05,,,,0.00011414270408477659,0.2708011159847956,2.979828084993642,,
,,,,,,,,,,,0.0855508634592164,0.11825543211699212,,-0.0824688934073208,-0.11329178126145555,,,8.0,,,,1.203182173486626,5.0,,,,,,-0.39666703605807385,-0.7539149194066563,comparison,,retrograde,retrograde,,,,4.6531327732860346e-05,,,,6.067027551336689e-05,0.1737812840146944,2.632002572994679,,
,,,,,,,,,,,0.08039238514994342,0.09148025121948683,,-0.07585907017708397,-0.08276313461036046,,,8.0,,,,1.047584398594949,10.0,,,,,,-0.4853426447497909,-0.6862434494889322,comparison,,retrograde,retrograde,,,,7.544375322739783e-05,,,,6.909001951190941e-05,0.1756062039930839,3.5015416170062963,,
,,,,,,,,,,,0.04844264567119748,0.020152520562732305,,-0.04196743095091211,-0.015500246853461597,,,8.0,,,,0.7619842269185131,16.0,,,,,,-0.37792955748126905,-0.33239610423194643,comparison,,retrograde,retrograde,,,,6.200374677648513e-05,,,,2.2716482428947902e-05,0.3681839350028895,3.0101326669973787,,
,,,,,,,,,,,0.06744339399807842,0.09968128448778155,,-0.06610553223265582,-0.09877294217107657,,,10.0,,,,1.241377571412082,2.0,,,,,,1.0023255877333408,0.9844838891905233,comparison,,locked/prograde,locked/prograde,,,,3.523149835030964e-05,,,,5.478957199532996e-05,0.18999285702011548,2.773937277001096,,
,,,,,,,,,,,0.046831210420383525,0.061997644268977456,,-0.04555307794129041,-0.06007822599936663,,,10.0,,,,1.1265422877401872,5.0,,,,,,-0.30160537189348,-0.5649013885167095,comparison,,retrograde,retrograde,,,,2.9205234326370417e-05,,,,3.699856250880201e-05,0.37054366199299693,3.253152922989102,,
,,,,,,,,,,,0.043265366818676106,0.0402655350326785,,-0.0411936161731331,-0.03584916659179641,,,10.0,,,,0.9516012971724275,10.0,,,,,,-0.3437969701442179,-0.4808751762807148,comparison,,retrograde,retrograde,,,,5.029558498695525e-05,,,,3.906756259293196e-05,0.19321594201028347,3.5314046000130475,,
,,,,,,,,,,,0.022587611932224326,0.008823161704350423,,-0.019636650068857814,-0.00647326715061141,,,10.0,,,,0.8518779757272553,16.0,,,,,,-0.2620535768778079,-0.24437488846873237,comparison,,retrograde,retrograde,,,,3.9741259310265004e-05,,,,1.2621725303135561e-05,0.26657748498837464,3.3104770840145648,,
,,,,,,,,,,,0.008432701336847504,0.010580204872369317,,-0.00833673362351727,-0.010464950757660395,,,16.0,,,,1.0274365843445945,2.0,,,,,,-0.03128677618315318,-0.06554539118945267,comparison,,retrograde,retrograde,,,,2.9529061280202593e-06,,,,4.142876235642094e-06,0.17989356999169104,3.174265767011093,,
,,,,,,,,,,,0.008449345955310956,0.010631739683122672,,-0.008327011636970957,-0.010473559488563672,,,16.0,,,,1.0276763693785114,5.0,,,,,,-0.04715468251615617,-0.12130140822136774,comparison,,retrograde,retrograde,,,,7.310869367685126e-06,,,,9.976794229844998e-06,0.17271318100392818,2.7077706420095637,,
,,,,,,,,,,,0.008220335820232568,0.009630839359729134,,-0.00800741494878644,-0.009295472688711897,,,16.0,,,,1.0166762028534528,10.0,,,,,,-0.07387866633108175,-0.1406939811485845,comparison,,retrograde,retrograde,,,,1.37562968721962e-05,,,,1.7729966107172123e-05,0.17771145899314433,3.3662743069871794,,
,,,,,,,,,,,0.007457008497834725,0.006694081276068265,,-0.0070515451284862115,-0.006040994675558222,,,16.0,,,,0.9867526821503223,16.0,,,,,,-0.0763407417851612,-0.11837333313029622,comparison,,retrograde,retrograde,,,,1.9569953418280352e-05,,,,1.9457531231771067e-05,0.1819614999985788,2.675460414000554,,
,,,,,,,,,,,,,,,,,,5.0,,,,,,7.78125,10.046875,,,,,,critical,,,,,2.265625,,,,,,,,,,
,,,,,,,,,,,,,,,,,,8.0,,,,,,3.71875,4.28125,,,,,,critical,,,,,0.5625,,,,,,,,,,
,,,,,,,,,,,,,,,,,,,,point,1,,,,,point,,,,,performance,,,,0.4244897697935812,,,,,,,,,,,
,,,,,,,,,,,,,,,,,,,,volume,48,,,,,coarse,,,,,performance,,,,1.6934640301042236,,,,,,,,,,,
,,,,,,,,,,,,,,,,,,,,volume,192,,,,,medium,,,,,performance,,,,6.446210290014278,,,,,,,,,,,
,,,,,,,,,,,,,,,,,,,,volume,768,,,,,fine,,,,,performance,,,,26.037941119866446,,,,,,,,,,,
